"joint_group_base","mean","variance","variable","smd_vs_urban_urban"
"Urban hukou/urban residence",61.2231226557443,87.2771188864817,"age_base",0
"Rural hukou/urban residence",58.3709701957109,76.8772612707929,"age_base",-0.314819407182719
"Urban hukou/rural residence",62.7604158753758,84.8828207554055,"age_base",0.165693571295555
"Rural hukou/rural residence",59.6899407604345,91.8553650239405,"age_base",-0.162002421468293
"Urban hukou/urban residence",0.539418558541411,0.248446177242517,"female_base",0
"Rural hukou/urban residence",0.598605562845142,0.240276942975993,"female_base",0.11973191109061
"Urban hukou/rural residence",0.271572967331625,0.197821090746321,"female_base",-0.567024707139828
"Rural hukou/rural residence",0.577449394487946,0.244001591293451,"female_base",0.0766426976543425
"Urban hukou/urban residence",0.651782519083996,0.226962066900516,"lower_education",0
"Rural hukou/urban residence",0.905887363583251,0.0852554480834381,"lower_education",0.643130803905015
"Urban hukou/rural residence",0.762790232616895,0.180941293641158,"lower_education",0.245804321290254
"Rural hukou/rural residence",0.947944976783696,0.0493452977742541,"lower_education",0.796798986265671
"Urban hukou/urban residence",0.893061726745833,0.0955024789675842,"partnered_base",0
"Rural hukou/urban residence",0.898257005880184,0.0913913572673507,"partnered_base",0.0169952045121387
"Urban hukou/rural residence",0.900417676254842,0.0896656845426722,"partnered_base",0.0241752279510066
"Rural hukou/rural residence",0.846723757239839,0.129782636165489,"partnered_base",-0.138065683776953
"Urban hukou/urban residence",0.913767938815805,0.0787960928081205,"public_insurance_base",0
"Rural hukou/urban residence",0.933447262261926,0.0621234708376414,"public_insurance_base",0.0741377696683352
"Urban hukou/rural residence",0.932438307257062,0.0629971104166467,"public_insurance_base",0.0701197209976313
"Rural hukou/rural residence",0.947986366968554,0.0493082150103163,"public_insurance_base",0.135205135201568
"Urban hukou/urban residence",0.115538643349641,0.102189465242565,"adl_difficulty_base",0
"Rural hukou/urban residence",0.120261873324145,0.105798955148712,"adl_difficulty_base",0.0146465221076599
"Urban hukou/rural residence",0.115999963380984,0.102543971876594,"adl_difficulty_base",0.00144185942928609
"Rural hukou/rural residence",0.18308119963984,0.149562473978277,"adl_difficulty_base",0.190373317866921
"Urban hukou/urban residence",2.24317170807979,3.22851213735539,"comorbidity_count_base",0
"Rural hukou/urban residence",1.79647365123094,2.40439115733392,"comorbidity_count_base",-0.266172334364166
"Urban hukou/rural residence",2.13386357839182,2.77118297037066,"comorbidity_count_base",-0.0631106816169363
"Rural hukou/rural residence",1.79164487591362,2.37071443542115,"comorbidity_count_base",-0.269857529769192
"Urban hukou/urban residence",0.450241248228563,0.247524066622149,"baseline_none",0
"Rural hukou/urban residence",0.367440108321763,0.232427875118254,"baseline_none",-0.169025580825568
"Urban hukou/rural residence",0.361945024659472,0.230940823783726,"baseline_none",-0.180522811866643
"Rural hukou/rural residence",0.339076492545373,0.224103624748501,"baseline_none",-0.228919330658254
"Urban hukou/urban residence",0.284908936994337,0.203735834615094,"int_2011_2013",0
"Rural hukou/urban residence",0.251287123611138,0.188141905118379,"int_2011_2013",-0.075955781042868
"Urban hukou/rural residence",0.216984311363934,0.169902119985853,"int_2011_2013",-0.157150858660692
"Rural hukou/rural residence",0.25923923404217,0.192034253575399,"int_2011_2013",-0.0577051211396236
"Urban hukou/urban residence",0.331611040192678,0.221645158215008,"int_2013_2015",0
"Rural hukou/urban residence",0.314432829981694,0.215564825411397,"int_2013_2015",-0.0367407379951749
"Urban hukou/rural residence",0.361181163430476,0.230729330613484,"int_2013_2015",0.0621754703957711
"Rural hukou/rural residence",0.335718308780464,0.223011525930049,"int_2013_2015",0.00871075279646791
"Urban hukou/urban residence",0.383480022812985,0.236423094916337,"int_2015_2018",0
"Rural hukou/urban residence",0.434280046407168,0.245680887699756,"int_2015_2018",0.103468595095394
"Urban hukou/rural residence",0.42183452520559,0.243890158550164,"int_2015_2018",0.0782652659302332
"Rural hukou/rural residence",0.405042457177366,0.240983065061088,"int_2015_2018",0.0441335415218995
