"outcome","interval","joint_group","probability","probability_lcl","probability_ucl","risk_difference","rd_lcl","rd_ucl","risk_ratio","rr_lcl","rr_ucl"
"None-listed to listed","2011-2013","Urban hukou/urban residence",0.374803454852767,0.259252568614427,0.490354341091108,0,NA,NA,1,NA,NA
"None-listed to listed","2011-2013","Rural hukou/urban residence",0.403365992686811,0.305132741532176,0.501599243841445,0.0285625378340432,-0.123822632793613,0.180947708461699,1.07620670904771,0.725218638489395,1.59706441496298
"None-listed to listed","2011-2013","Urban hukou/rural residence",0.465014937309905,0.158258657006949,0.771771217612861,0.0902114824571374,-0.236524921550376,0.416947886464651,1.24069010381074,0.600648088208192,2.56275174085024
"None-listed to listed","2011-2013","Rural hukou/rural residence",0.515739818312638,0.462711631416279,0.568768005208997,0.140936363459871,0.01294913231612,0.268923594603621,1.37602738618094,0.992517396368433,1.90772612595807
"None-listed to listed","2013-2015","Urban hukou/urban residence",0.45186710923379,0.320690440637255,0.583043777830324,0,NA,NA,1,NA,NA
"None-listed to listed","2013-2015","Rural hukou/urban residence",0.536893128013715,0.456997111141357,0.616789144886073,0.0850260187799258,-0.0697208406700064,0.239772878229858,1.18816598296809,0.855517728576522,1.65015680672275
"None-listed to listed","2013-2015","Urban hukou/rural residence",0.394647763094517,0.198272424760877,0.591023101428157,-0.0572193461392723,-0.295493107439487,0.181054415160942,0.873371296626797,0.488534035846407,1.56135983534909
"None-listed to listed","2013-2015","Rural hukou/rural residence",0.502068846844556,0.457927405132268,0.546210288556844,0.0502017376107665,-0.0876660120288558,0.188069487250389,1.11109845479989,0.821279107682201,1.50319150299926
"None-listed to listed","2015-2018","Urban hukou/urban residence",0.392111473912124,0.296303503686148,0.487919444138101,0,NA,NA,1,NA,NA
"None-listed to listed","2015-2018","Rural hukou/urban residence",0.499948523385169,0.414768789428488,0.58512825734185,0.107837049473045,-0.021744781010915,0.237418879957004,1.27501630696278,0.943692392819025,1.72266577053225
"None-listed to listed","2015-2018","Urban hukou/rural residence",0.417915260818761,0.226683173342404,0.609147348295119,0.025803786906637,-0.188624053857978,0.240231627671252,1.06580727324603,0.633588133594837,1.79287629214113
"None-listed to listed","2015-2018","Rural hukou/rural residence",0.497832377377454,0.456521400758685,0.539143353996224,0.10572090346533,0.000961472042424347,0.210480334888236,1.2696195100096,0.979995189488962,1.64483838031654
"Listed to none-listed","2011-2013","Urban hukou/urban residence",0.380154921621084,0.236353385736502,0.523956457505666,0,NA,NA,1,NA,NA
"Listed to none-listed","2011-2013","Rural hukou/urban residence",0.287403679255921,0.227156778418925,0.347650580092917,-0.0927512423651633,-0.249554102240518,0.0640516175101913,0.756017252204321,0.489143165738464,1.16849651730834
"Listed to none-listed","2011-2013","Urban hukou/rural residence",0.313031748466303,0.144024170289247,0.482039326643358,-0.0671231731547817,-0.285287538578399,0.151041192268836,0.823432055361666,0.430449330914899,1.57519201703949
"Listed to none-listed","2011-2013","Rural hukou/rural residence",0.287482165925458,0.255935268665754,0.319029063185163,-0.0926727556956263,-0.240787082251149,0.0554415708598963,0.756223711900284,0.508476463374645,1.12468195409644
"Listed to none-listed","2013-2015","Urban hukou/urban residence",0.373717802383598,0.296918597807087,0.450517006960109,0,NA,NA,1,NA,NA
"Listed to none-listed","2013-2015","Rural hukou/urban residence",0.212916239762496,0.156168372054049,0.269664107470943,-0.160801562621102,-0.253386221189576,-0.0682169040526285,0.569724638228368,0.41115290132561,0.789453661540358
"Listed to none-listed","2013-2015","Urban hukou/rural residence",0.158703840020162,0.0467914647615308,0.270616215278793,-0.215013962363436,-0.349255079925979,-0.0807728448008935,0.424662242494036,0.204674750890585,0.881095589052254
"Listed to none-listed","2013-2015","Rural hukou/rural residence",0.238224653304503,0.210194684166657,0.266254622442349,-0.135493149079095,-0.217827353772003,-0.0531589443861871,0.637445291032672,0.501910538610981,0.809579532209563
"Listed to none-listed","2015-2018","Urban hukou/urban residence",0.322231836356846,0.253354445378088,0.391109227335603,0,NA,NA,1,NA,NA
"Listed to none-listed","2015-2018","Rural hukou/urban residence",0.315122476353319,0.240687033104268,0.389557919602369,-0.00710936000352685,-0.11097453371505,0.0967558137079959,0.977937127243834,0.705701318886297,1.35519234447684
"Listed to none-listed","2015-2018","Urban hukou/rural residence",0.270686372416775,0.148113015839636,0.393259728993914,-0.0515454639400708,-0.190696842214564,0.0876059143344225,0.840036091644935,0.511509742228975,1.37956440905912
"Listed to none-listed","2015-2018","Rural hukou/rural residence",0.269299638194567,0.242710529425018,0.295888746964116,-0.0529321981622791,-0.127372588828208,0.02150819250365,0.835732562118223,0.658955862934193,1.05993277345563
