"analysis","cluster","n","events","term","estimate","se","p","rr","lcl","ucl","converged"
"None-listed to listed, all intervals","ID",2782,1355,"(Intercept)",-1.25487817948656,0.256452245052059,1.07210955136286e-06,0.285110578426037,0.172471274711549,0.471313510417198,TRUE
"None-listed to listed, all intervals","ID",2782,1355,"joint_group_baseRural hukou/urban residence",0.184912474360586,0.109666120899685,0.0919262323477618,1.203113132273,0.9704133903989,1.49161297996182,TRUE
"None-listed to listed, all intervals","ID",2782,1355,"joint_group_baseUrban hukou/rural residence",0.0160851918266406,0.180119821982745,0.928850351682107,1.01621525495236,0.713944779506947,1.4464612306726,TRUE
"None-listed to listed, all intervals","ID",2782,1355,"joint_group_baseRural hukou/rural residence",0.208546084702057,0.0988595072228362,0.035024890899543,1.23188569983827,1.01489123645008,1.49527587091413,TRUE
"None-listed to listed, all intervals","ID",2782,1355,"factor(interval)2013-2015",0.0583062937734323,0.0670114228010803,0.384353988555744,1.06003962952921,0.929567276766837,1.20882484168413,TRUE
"None-listed to listed, all intervals","ID",2782,1355,"factor(interval)2015-2018",-0.00350125389014015,0.0651965853972534,0.957177187168205,0.996504868352002,0.876966433766602,1.1323374697298,TRUE
"None-listed to listed, all intervals","ID",2782,1355,"age_base",0.00239591798488308,0.00299896225011157,0.424435074215343,1.00239879049002,0.99652400727357,1.00830820716997,TRUE
"None-listed to listed, all intervals","ID",2782,1355,"female_base",0.214150690824769,0.0573677189316023,0.000194590293551408,1.23880931792674,1.10706233470246,1.38623497347561,TRUE
"None-listed to listed, all intervals","ID",2782,1355,"education_baseUpper secondary/vocational",-0.196906939082972,0.151629542116665,0.194230534581162,0.821267057622052,0.610119254567291,1.10548810726116,TRUE
"None-listed to listed, all intervals","ID",2782,1355,"education_baseTertiary",-0.179465720797394,0.279557946395752,0.520971801298418,0.835716598150743,0.483163924005668,1.44551817245457,TRUE
"None-listed to listed, all intervals","ID",2782,1355,"partnered_base",-0.0531790984741916,0.0710385667119518,0.454190361999938,0.948210174278444,0.82496469357522,1.08986789568974,TRUE
"None-listed to listed, all intervals","ID",2782,1355,"public_insurance_base",0.0683828432275197,0.130967553204525,0.601634185657483,1.07077516903926,0.828354926662924,1.38414033130706,TRUE
"None-listed to listed, all intervals","ID",2782,1355,"adl_difficulty_base",0.0659991886362343,0.0682129558920699,0.333389145474881,1.06822585044589,0.934542471349474,1.22103221902061,TRUE
"None-listed to listed, all intervals","ID",2782,1355,"comorbidity_count_base",0.0388483030585636,0.0186134337089784,0.0370056354496753,1.03961276561097,1.00236877411175,1.07824059401594,TRUE
"Listed to none-listed, all intervals","ID",5105,1372,"(Intercept)",-0.513891488249978,0.312975226473038,0.100703454234706,0.598163298287559,0.32389919694527,1.10466260735654,TRUE
"Listed to none-listed, all intervals","ID",5105,1372,"joint_group_baseRural hukou/urban residence",-0.258730543174034,0.111062706096819,0.0198935566870867,0.772031024048087,0.62100667573922,0.959783405521764,TRUE
"Listed to none-listed, all intervals","ID",5105,1372,"joint_group_baseUrban hukou/rural residence",-0.37688482322761,0.193095405402393,0.0510536693720062,0.685995080045291,0.469845285706978,1.00158342365455,TRUE
"Listed to none-listed, all intervals","ID",5105,1372,"joint_group_baseRural hukou/rural residence",-0.302019093653364,0.0920796738788693,0.00104996741567713,0.739323948359571,0.61724129455312,0.885553033216484,TRUE
"Listed to none-listed, all intervals","ID",5105,1372,"factor(interval)2013-2015",-0.157376064504405,0.0790979029324797,0.046721202033262,0.854382695389869,0.731682974153781,0.997658570675223,TRUE
"Listed to none-listed, all intervals","ID",5105,1372,"factor(interval)2015-2018",-0.00408546154907289,0.0759521498574137,0.957106088706229,0.99592287259549,0.858171191700848,1.15578613888569,TRUE
"Listed to none-listed, all intervals","ID",5105,1372,"age_base",-0.00510881050882313,0.00339636311345309,0.132634533961462,0.99490421726866,0.988303262767944,1.00154926005883,TRUE
"Listed to none-listed, all intervals","ID",5105,1372,"female_base",-0.0781348495721526,0.0596068334174637,0.190012633916349,0.92483970389595,0.822864080623001,1.03945292794257,TRUE
"Listed to none-listed, all intervals","ID",5105,1372,"education_baseUpper secondary/vocational",0.0580087906404157,0.110727709314982,0.600395749409633,1.0597243113247,0.852981414930571,1.3165768870873,TRUE
"Listed to none-listed, all intervals","ID",5105,1372,"education_baseTertiary",0.32167361860602,0.190568949280417,0.0915214702277041,1.37943448072853,0.949479326520581,2.00408732815262,TRUE
"Listed to none-listed, all intervals","ID",5105,1372,"partnered_base",0.149276865100345,0.115728369573348,0.197187785735771,1.16099438354209,0.925380070102295,1.45659929597067,TRUE
"Listed to none-listed, all intervals","ID",5105,1372,"public_insurance_base",-0.162071622322282,0.162100342111324,0.317476491528929,0.850380296147426,0.618914406535892,1.16841139976574,TRUE
"Listed to none-listed, all intervals","ID",5105,1372,"adl_difficulty_base",-0.155253306190912,0.0817699044494684,0.0577044882021365,0.856198269690369,0.729407791270446,1.00502830624272,TRUE
"Listed to none-listed, all intervals","ID",5105,1372,"comorbidity_count_base",-0.0420904881151798,0.0209259363833565,0.0443717539947751,0.95878301817888,0.920254217788222,0.998924925503305,TRUE
"None-listed to listed, community-cluster","communityID_base",2782,1355,"(Intercept)",-1.25487817948656,0.283121312930683,1.20199912099578e-05,0.285110578426037,0.163687533373185,0.496604965908451,TRUE
"None-listed to listed, community-cluster","communityID_base",2782,1355,"joint_group_baseRural hukou/urban residence",0.184912474360586,0.0892815947317371,0.0389808560265919,1.203113132273,1.00996992045946,1.43319239486782,TRUE
"None-listed to listed, community-cluster","communityID_base",2782,1355,"joint_group_baseUrban hukou/rural residence",0.0160851918266406,0.164195460115987,0.922009596198375,1.01621525495236,0.736579644318521,1.402011924119,TRUE
"None-listed to listed, community-cluster","communityID_base",2782,1355,"joint_group_baseRural hukou/rural residence",0.208546084702057,0.0833967555260781,0.0127907837651702,1.23188569983827,1.04612037875306,1.45063838568451,TRUE
"None-listed to listed, community-cluster","communityID_base",2782,1355,"factor(interval)2013-2015",0.0583062937734323,0.0654449604157232,0.373500474368539,1.06003962952921,0.932425681613914,1.20511911922831,TRUE
"None-listed to listed, community-cluster","communityID_base",2782,1355,"factor(interval)2015-2018",-0.00350125389014015,0.0650823232055479,0.957123179406673,0.996504868352002,0.8771628558098,1.13208390673643,TRUE
"None-listed to listed, community-cluster","communityID_base",2782,1355,"age_base",0.00239591798488308,0.00277616837902674,0.388631468610648,1.00239879049002,0.99695926040372,1.00786799930917,TRUE
"None-listed to listed, community-cluster","communityID_base",2782,1355,"female_base",0.214150690824769,0.0662838190690137,0.00133519490667663,1.23880931792674,1.08788386983129,1.4106731138684,TRUE
"None-listed to listed, community-cluster","communityID_base",2782,1355,"education_baseUpper secondary/vocational",-0.196906939082972,0.200132461243448,0.3257604064467,0.821267057622052,0.554789474113207,1.21573968398246,TRUE
"None-listed to listed, community-cluster","communityID_base",2782,1355,"education_baseTertiary",-0.179465720797394,0.243027825013597,0.46066418543621,0.835716598150743,0.519026541296583,1.34563876190208,TRUE
"None-listed to listed, community-cluster","communityID_base",2782,1355,"partnered_base",-0.0531790984741916,0.071905606915341,0.459990507570656,0.948210174278444,0.823563940122512,1.09172159051962,TRUE
"None-listed to listed, community-cluster","communityID_base",2782,1355,"public_insurance_base",0.0683828432275197,0.121485493510775,0.573821958642966,1.07077516903926,0.843893713613675,1.35865387327194,TRUE
"None-listed to listed, community-cluster","communityID_base",2782,1355,"adl_difficulty_base",0.0659991886362343,0.0690044492270155,0.339416351886045,1.06822585044589,0.933093814401176,1.22292790922976,TRUE
"None-listed to listed, community-cluster","communityID_base",2782,1355,"comorbidity_count_base",0.0388483030585636,0.0197663512878849,0.0500537464409716,1.03961276561097,1.00010626017952,1.08067986918438,TRUE
"Listed to none-listed, community-cluster","communityID_base",5105,1372,"(Intercept)",-0.513891488249978,0.334288797152378,0.124982464503513,0.598163298287559,0.310647164338791,1.15178689037713,TRUE
"Listed to none-listed, community-cluster","communityID_base",5105,1372,"joint_group_baseRural hukou/urban residence",-0.258730543174034,0.104520553754892,0.0137030548538179,0.772031024048087,0.629020879214066,0.947555036388384,TRUE
"Listed to none-listed, community-cluster","communityID_base",5105,1372,"joint_group_baseUrban hukou/rural residence",-0.37688482322761,0.185459899482158,0.0427673969008487,0.685995080045291,0.47692967720157,0.986705739528672,TRUE
"Listed to none-listed, community-cluster","communityID_base",5105,1372,"joint_group_baseRural hukou/rural residence",-0.302019093653364,0.0787992392816835,0.000146141659991946,0.739323948359571,0.633518800389531,0.862799810016527,TRUE
"Listed to none-listed, community-cluster","communityID_base",5105,1372,"factor(interval)2013-2015",-0.157376064504405,0.0762701783014155,0.0396898239690488,0.854382695389869,0.735749468710243,0.992144501933903,TRUE
"Listed to none-listed, community-cluster","communityID_base",5105,1372,"factor(interval)2015-2018",-0.00408546154907289,0.068925934605271,0.952762755994506,0.99592287259549,0.870071146252466,1.13997846317621,TRUE
"Listed to none-listed, community-cluster","communityID_base",5105,1372,"age_base",-0.00510881050882313,0.0035972418761315,0.156292492111592,0.99490421726866,0.987914222252259,1.00194367005096,TRUE
"Listed to none-listed, community-cluster","communityID_base",5105,1372,"female_base",-0.0781348495721526,0.0619550697721022,0.207955295014375,0.92483970389595,0.81908551527434,1.04424808149106,TRUE
"Listed to none-listed, community-cluster","communityID_base",5105,1372,"education_baseUpper secondary/vocational",0.0580087906404157,0.119158935752714,0.626641415672574,1.0597243113247,0.839001551379577,1.33851434978402,TRUE
"Listed to none-listed, community-cluster","communityID_base",5105,1372,"education_baseTertiary",0.32167361860602,0.188793339972043,0.0891524410083276,1.37943448072853,0.952789455613081,1.99712483740532,TRUE
"Listed to none-listed, community-cluster","communityID_base",5105,1372,"partnered_base",0.149276865100345,0.132799407030765,0.261623599739106,1.16099438354209,0.894929824035812,1.50616050824824,TRUE
"Listed to none-listed, community-cluster","communityID_base",5105,1372,"public_insurance_base",-0.162071622322282,0.158817223213245,0.308084279087924,0.850380296147426,0.622909908487934,1.16091691305917,TRUE
"Listed to none-listed, community-cluster","communityID_base",5105,1372,"adl_difficulty_base",-0.155253306190912,0.083777456995953,0.064561784444977,0.856198269690369,0.726543354504554,1.00899068510603,TRUE
"Listed to none-listed, community-cluster","communityID_base",5105,1372,"comorbidity_count_base",-0.0420904881151798,0.0215839400554327,0.0518326743848526,0.95878301817888,0.919068142702633,1.00021405730046,TRUE
"None-listed to listed, 2011-2015 only","ID",1660,814,"(Intercept)",-1.43438202984443,0.377677640843908,0.000152407678915415,0.238262557679193,0.113650173064658,0.499506906685779,TRUE
"None-listed to listed, 2011-2015 only","ID",1660,814,"joint_group_baseRural hukou/urban residence",0.120781552317414,0.127611644727266,0.3440744615301,1.12837839379741,0.87867756279823,1.44903870713859,TRUE
"None-listed to listed, 2011-2015 only","ID",1660,814,"joint_group_baseUrban hukou/rural residence",-0.0290049764662434,0.231226257289893,0.900194054570812,0.97141163025739,0.617418353203749,1.52836492550444,TRUE
"None-listed to listed, 2011-2015 only","ID",1660,814,"joint_group_baseRural hukou/rural residence",0.163104283074994,0.115395318185592,0.157757116271299,1.17715944109418,0.938877242418483,1.47591643204355,TRUE
"None-listed to listed, 2011-2015 only","ID",1660,814,"factor(interval)2013-2015",0.0464423623785713,0.0644073985040115,0.470990155016914,1.04753769974712,0.923304553278347,1.18848675498806,TRUE
"None-listed to listed, 2011-2015 only","ID",1660,814,"age_base",0.00100218036638101,0.00392459854942423,0.798484967770217,1.00100268271693,0.993332295658446,1.00873229953959,TRUE
"None-listed to listed, 2011-2015 only","ID",1660,814,"female_base",0.182986768965807,0.0682886174337841,0.00746044009680395,1.20079852016944,1.05036852501409,1.37277255715729,TRUE
"None-listed to listed, 2011-2015 only","ID",1660,814,"education_baseUpper secondary/vocational",-0.273084583133094,0.182862383628346,0.13556918697972,0.76102841473885,0.531796248232606,1.08907170737805,TRUE
"None-listed to listed, 2011-2015 only","ID",1660,814,"education_baseTertiary",-0.288800088132258,0.340487978382394,0.396479925981407,0.749161956799655,0.384367356648281,1.46017508461172,TRUE
"None-listed to listed, 2011-2015 only","ID",1660,814,"partnered_base",-0.0702074162655805,0.0996824592789343,0.48136081727563,0.93220044631688,0.766757237797993,1.13334133579099,TRUE
"None-listed to listed, 2011-2015 only","ID",1660,814,"public_insurance_base",0.435285943595276,0.257050275045961,0.0906122662515705,1.54540489440998,0.933763023139698,2.55768993682782,TRUE
"None-listed to listed, 2011-2015 only","ID",1660,814,"adl_difficulty_base",-0.0130362411426417,0.0958883816568271,0.891879299115619,0.987048362611571,0.817930859991036,1.19113303799891,TRUE
"None-listed to listed, 2011-2015 only","ID",1660,814,"comorbidity_count_base",0.041235470388795,0.0262382691643404,0.116282921609078,1.04209745975153,0.98986022056214,1.0970913802394,TRUE
"Listed to none-listed, 2011-2015 only","ID",3069,829,"(Intercept)",-0.821219608516791,0.381784246987973,0.0315841560028485,0.439894827734892,0.208145748106747,0.929672891365865,TRUE
"Listed to none-listed, 2011-2015 only","ID",3069,829,"joint_group_baseRural hukou/urban residence",-0.456838069683162,0.135236503188541,0.000742650980206808,0.633282879457736,0.485827519640084,0.825492976831345,TRUE
"Listed to none-listed, 2011-2015 only","ID",3069,829,"joint_group_baseUrban hukou/rural residence",-0.517079197048953,0.254998477873882,0.0427033312415766,0.59625956376609,0.361723122897092,0.982866299878962,TRUE
"Listed to none-listed, 2011-2015 only","ID",3069,829,"joint_group_baseRural hukou/rural residence",-0.41428299253213,0.112533959031277,0.000237521341970238,0.660813919398533,0.530015221925932,0.823891499727293,TRUE
"Listed to none-listed, 2011-2015 only","ID",3069,829,"factor(interval)2013-2015",-0.165607858394309,0.077490067095395,0.0326955143672572,0.847378461395566,0.727975132588401,0.986366463211464,TRUE
"Listed to none-listed, 2011-2015 only","ID",3069,829,"age_base",-0.00269910041648362,0.00438947649525402,0.538682479451231,0.997304538880034,0.988761158653585,1.00592173809204,TRUE
"Listed to none-listed, 2011-2015 only","ID",3069,829,"female_base",-0.0575498994324033,0.0749624527307131,0.442737893604585,0.944074780415363,0.815074053413846,1.09349228733672,TRUE
"Listed to none-listed, 2011-2015 only","ID",3069,829,"education_baseUpper secondary/vocational",-0.176765206599875,0.150697008356537,0.240928789835979,0.837976512781503,0.623671592653342,1.1259205072753,TRUE
"Listed to none-listed, 2011-2015 only","ID",3069,829,"education_baseTertiary",0.320540842378169,0.248648646580861,0.197487475165785,1.37787277483953,0.846359977193755,2.24317481308471,TRUE
"Listed to none-listed, 2011-2015 only","ID",3069,829,"partnered_base",0.229794263299653,0.15795318859006,0.145859958455891,1.2583410963513,0.92330654055728,1.71494757722705,TRUE
"Listed to none-listed, 2011-2015 only","ID",3069,829,"public_insurance_base",0.0525291424094791,0.163371284472971,0.747837511482342,1.05393327578609,0.765153680982947,1.45170228859416,TRUE
"Listed to none-listed, 2011-2015 only","ID",3069,829,"adl_difficulty_base",-0.168135077200179,0.111403467067262,0.1313795005961,0.845239654367261,0.679440323996729,1.05149789920082,TRUE
"Listed to none-listed, 2011-2015 only","ID",3069,829,"comorbidity_count_base",-0.0370509666036559,0.0283081086160921,0.190722706961574,0.963627021301009,0.911617431890722,1.018603861332,TRUE
