interval,transition,n,weighted_percent
2011-2013,Cessation of listed-treatment reporting,427,20.493309
2011-2013,Continued listed-treatment reporting,1013,46.745743
2011-2013,Initiation of listed-treatment reporting,327,15.053136
2011-2013,Stable none-listed reporting,347,17.707813
2013-2015,Cessation of listed-treatment reporting,422,15.640371
2013-2015,Continued listed-treatment reporting,1276,44.370388
2013-2015,Initiation of listed-treatment reporting,500,19.138727
2013-2015,Stable none-listed reporting,510,20.850521
2015-2018,Cessation of listed-treatment reporting,606,18.480896
2015-2018,Continued listed-treatment reporting,1639,44.425426
2015-2018,Initiation of listed-treatment reporting,579,17.334883
2015-2018,Stable none-listed reporting,630,19.758795
